2014-01-01,37.41,37.41,37.41,37.41,0
2014-01-02,37.35,37.4,37.1,37.16,30643700
2014-01-03,37.2,37.22,36.6,36.91,31134700
2014-01-06,36.85,36.89,36.11,36.13,43615000
2014-01-07,36.33,36.49,36.21,36.41,35924700
2014-01-08,36,36.14,35.58,35.76,59979500
2014-01-09,35.88,35.91,35.4,35.53,36520400
2014-01-10,35.9,36.15,35.75,36.04,40558700
2014-01-13,35.99,36.02,34.83,34.98,45923800
2014-01-14,34.73,35.88,34.63,35.78,41627300
2014-01-15,35.88,36.79,35.85,36.76,44909500
2014-01-16,36.69,37,36.31,36.89,38035700
2014-01-17,36.83,36.83,36.15,36.38,46298700
2014-01-20,36.38,36.38,36.38,36.38,0
2014-01-21,36.77,36.82,36.06,36.17,31578900
2014-01-22,36.26,36.32,35.75,35.93,21965200
2014-01-23,36.09,36.13,35.52,36.06,44515100
2014-01-24,37.45,37.55,36.53,36.81,77051800
2014-01-27,36.87,36.89,35.98,36.03,44485700
2014-01-28,36.12,36.39,35.75,36.27,36225700
2014-01-29,35.98,36.88,35.9,36.66,52790300
2014-01-30,36.74,36.88,36.23,36.86,35111900
2014-01-31,36.96,37.89,36.56,37.84,93190700
2014-02-03,37.77,37.99,36.43,36.48,64102300
2014-02-04,36.97,37.19,36.25,36.35,55526900
2014-02-05,36.29,36.47,35.8,35.82,55841100
2014-02-06,35.81,36.25,35.69,36.18,35380900
2014-02-07,36.29,36.59,36.01,36.56,33348000
2014-02-10,36.62,36.8,36.29,36.8,26782000
2014-02-11,36.88,37.26,36.86,37.17,32164900
2014-02-12,37.35,37.6,37.3,37.47,27055800
2014-02-13,37.33,37.86,37.33,37.61,37647700
2014-02-14,37.39,37.78,37.33,37.62,42986700
2014-02-17,37.62,37.62,37.62,37.62,0
2014-02-18,37.65,37.78,37.41,37.42,32839700
2014-02-19,37.22,37.75,37.21,37.51,29794000
2014-02-20,37.56,37.87,37.4,37.75,27541000
2014-02-21,37.94,38.35,37.86,37.98,38030600
2014-02-24,37.69,37.97,37.54,37.69,32143300
2014-02-25,37.65,37.85,37.35,37.54,30867600
2014-02-26,37.58,37.74,37.19,37.47,41042600
2014-02-27,37.45,37.89,37.23,37.86,33919000
2014-02-28,37.99,38.46,37.82,38.31,41217000
2014-03-03,37.92,38.13,37.49,37.78,29726700
2014-03-04,38.2,38.48,38.07,38.41,26868300
2014-03-05,38.25,38.27,37.93,38.11,20520400
2014-03-06,38.14,38.24,37.89,38.15,23605300
2014-03-07,38.3,38.36,37.69,37.9,26596600
2014-03-10,37.97,38.01,37.72,37.82,19007800
2014-03-11,37.87,38.23,37.72,38.02,25218100
2014-03-12,37.79,38.43,37.79,38.27,30496200
2014-03-13,38.42,38.45,37.64,37.89,32169600
2014-03-14,37.65,38.13,37.51,37.7,27195600
2014-03-17,37.91,38.41,37.79,38.05,20479600
2014-03-18,38.26,39.9,38.22,39.55,64063800
2014-03-19,39.38,39.55,38.91,39.27,35597200
2014-03-20,39.25,40.65,39.24,40.33,59269800
2014-03-21,40.72,40.94,40.01,40.16,80731900
2014-03-24,40.37,40.64,39.86,40.5,46098300
2014-03-25,40.66,40.99,39.96,40.34,43193100
2014-03-26,40.49,40.71,39.6,39.79,41982900
2014-03-27,39.74,39.97,39.34,39.36,35369100
2014-03-28,39.79,40.63,39.68,40.3,43472700
2014-03-31,40.4,41.5,40.4,40.99,46886200
2014-04-01,41.14,41.59,41.07,41.42,32610300
2014-04-02,41.44,41.66,41.17,41.35,28666600
2014-04-03,41.29,41.29,40.71,41.01,30139500
2014-04-04,41.25,41.39,39.64,39.87,51409500
2014-04-07,39.96,40.27,39.74,39.8,37559600
2014-04-08,39.75,39.93,39.2,39.82,35919600
2014-04-09,39.93,40.55,39.88,40.47,27398600
2014-04-10,40.44,40.69,39.09,39.36,45960800
2014-04-11,39,39.79,39,39.21,34333200
2014-04-14,39.11,39.41,38.9,39.18,32006600
2014-04-15,39.3,39.96,39.05,39.75,33978600
2014-04-16,40.06,40.42,39.9,40.4,30616300
2014-04-17,40.01,40.19,39.51,40.01,36689400
2014-04-18,40.01,40.01,40.01,40.01,0
2014-04-21,40.11,40.15,39.79,39.94,22222200
2014-04-22,39.96,40.14,39.83,39.99,27057200
2014-04-23,39.98,39.99,39.47,39.69,24602700
2014-04-24,39.75,39.97,39.3,39.86,42381500
2014-04-25,40.29,40.68,39.75,39.91,56883800
2014-04-28,40.14,41.29,40.09,40.87,50610200
2014-04-29,41.1,41.19,40.39,40.51,29637300
2014-04-30,40.37,40.5,40.17,40.4,35464100
2014-05-01,40.24,40.36,39.95,40,28791400
2014-05-02,40.32,40.34,39.66,39.69,43417900
2014-05-05,39.52,39.64,39.3,39.43,22460900
2014-05-06,39.29,39.35,38.95,39.06,27112300
2014-05-07,39.21,39.51,38.51,39.42,41749400
2014-05-08,39.34,39.9,38.97,39.64,32123000
2014-05-09,39.54,39.85,39.37,39.54,29647600
2014-05-12,39.74,40.02,39.65,39.97,22787100
2014-05-13,39.92,40.5,39.85,40.42,27004700
2014-05-14,40.3,40.45,40.05,40.24,18818700
2014-05-15,40.09,40.4,39.51,39.6,37793200
2014-05-16,39.67,39.84,39.27,39.83,29868200
2014-05-19,39.61,39.82,39.46,39.75,24537400
2014-05-20,39.75,39.94,39.46,39.68,21322300
2014-05-21,39.8,40.35,39.74,40.35,22399300
2014-05-22,40.29,40.35,39.85,40.1,20202400
2014-05-23,40.3,40.37,40,40.12,18020800
2014-05-26,40.12,40.12,40.12,40.12,0
2014-05-27,40.22,40.26,39.81,40.19,26161100
2014-05-28,40.14,40.19,39.82,40.01,25711500
2014-05-29,40.15,40.35,39.91,40.34,19893800
2014-05-30,40.45,40.97,40.25,40.94,34575500
2014-06-02,40.95,41.09,40.68,40.79,18504300
2014-06-03,40.6,40.68,40.25,40.29,18071000
2014-06-04,40.21,40.37,39.86,40.32,23210300
2014-06-05,40.59,41.25,40.4,41.21,31865200
2014-06-06,41.47,41.66,41.24,41.48,24060500
2014-06-09,41.43,41.48,41.02,41.27,15019400
2014-06-10,41.03,41.16,40.86,41.11,15117600
2014-06-11,40.93,41.07,40.76,40.86,18039900
2014-06-12,40.81,40.88,40.29,40.58,29823000
2014-06-13,41.07,41.56,40.86,41.23,26310600
2014-06-16,41.04,41.61,41.04,41.5,24205200
2014-06-17,41.29,41.91,40.33,41.68,22518600
2014-06-18,41.6,41.74,41.18,41.65,27097200
2014-06-19,41.63,41.77,41.33,41.51,19837700
2014-06-20,41.42,41.83,41.38,41.68,47679500
2014-06-23,41.71,42,41.69,41.99,18743900
2014-06-24,41.83,41.94,41.56,41.74,26518200
2014-06-25,41.7,42.05,41.46,42.03,20051500
2014-06-26,41.93,41.94,41.43,41.72,23604400
2014-06-27,41.61,42.29,41.51,42.25,74641900
2014-06-30,42.17,42.21,41.7,41.7,30805400
2014-07-01,41.86,42.15,41.69,41.87,26922500
2014-07-02,41.74,41.9,41.53,41.9,20208500
2014-07-03,41.92,41.99,41.56,41.8,15969300
2014-07-04,41.8,41.8,41.8,41.8,0
2014-07-07,41.75,42.12,41.71,41.99,21953600
2014-07-08,41.88,42,41.61,41.78,31218200
2014-07-09,41.94,41.99,41.53,41.67,18445900
2014-07-10,41.37,42,41.05,41.69,21856800
2014-07-11,41.7,42.09,41.48,42.09,24087300
2014-07-14,42.22,42.45,42.04,42.14,21882900
2014-07-15,42.33,42.47,42.03,42.45,28758900
2014-07-16,42.5,44.31,42.48,44.08,63322300
2014-07-17,45.45,45.71,44.25,44.53,82180200
2014-07-18,44.65,44.84,44.25,44.69,43407400
2014-07-21,44.56,45.16,44.22,44.83,37604300
2014-07-22,45,45.15,44.59,44.83,43095800
2014-07-23,45.45,45.45,44.62,44.87,52363900
2014-07-24,44.93,45,44.32,44.4,30725300
2014-07-25,44.3,44.66,44.3,44.5,26737700
2014-07-28,44.36,44.51,43.93,43.97,29687600
2014-07-29,43.91,44.09,43.64,43.88,27764100
2014-07-30,44.07,44.1,43.29,43.58,31925700
2014-07-31,43.38,43.69,43.08,43.16,31540800
2014-08-01,43.21,43.25,42.6,42.86,31171000
2014-08-04,42.97,43.47,42.81,43.37,34277300
2014-08-05,43.31,43.46,42.83,43.08,26267500
2014-08-06,42.74,43.17,42.21,42.74,24633900
2014-08-07,42.84,43.45,42.65,43.23,30315100
2014-08-08,43.23,43.31,42.91,43.2,28943000
2014-08-11,43.26,43.45,43.02,43.2,20351600
2014-08-12,43.04,43.59,43,43.52,21433500
2014-08-13,43.68,44.18,43.52,44.08,22889400
2014-08-14,44.08,44.42,44.01,44.27,19313100
2014-08-15,44.58,44.9,44.4,44.79,41611300
2014-08-18,44.94,45.11,44.68,45.11,26895300
2014-08-19,44.97,45.34,44.83,45.33,28139400
2014-08-20,45.34,45.4,44.9,44.95,24770400
2014-08-21,44.84,45.25,44.83,45.22,22285500
2014-08-22,45.31,45.47,45.07,45.15,18294700
2014-08-25,45.4,45.44,45.04,45.17,16909900
2014-08-26,45.31,45.4,44.94,45.01,14877600
2014-08-27,44.9,45,44.76,44.87,21287900
2014-08-28,44.75,44.98,44.61,44.88,17657600
2014-08-29,45.09,45.44,44.85,45.43,21608600
2014-09-01,45.43,45.43,45.43,45.43,0
2014-09-02,45.43,45.46,44.85,45.09,22976700
2014-09-03,44.53,45.11,44.53,44.96,33689300
2014-09-04,44.74,45.27,44.72,45.26,26478000
2014-09-05,45.11,45.93,45.11,45.91,36939300
2014-09-08,46.02,46.8,45.99,46.47,45736700
2014-09-09,46.47,46.97,46.42,46.76,40302300
2014-09-10,46.82,46.94,46.28,46.84,27304400
2014-09-11,46.74,47,46.47,47,29216500
2014-09-12,46.93,47.02,46.6,46.69,38247100
2014-09-15,46.54,46.71,46.1,46.24,37667600
2014-09-16,46.39,46.85,46.29,46.76,27910500
2014-09-17,46.28,46.69,46.23,46.52,38311900
2014-09-18,46.59,46.83,46.46,46.68,35556600
2014-09-19,46.81,47.57,46.6,47.52,202526500
2014-09-22,47.3,47.38,46.98,47.06,38686000
2014-09-23,46.85,46.98,46.47,46.56,33431000
2014-09-24,46.63,47.11,46.34,47.08,26582700
2014-09-25,46.88,47.09,46.03,46.04,33077300
2014-09-26,45.93,46.62,45.76,46.41,27078700
2014-09-29,45.98,46.56,45.76,46.44,26090900
2014-09-30,46.37,46.48,46.01,46.36,33033000
2014-10-01,46.27,46.53,45.85,45.9,38088300
2014-10-02,45.83,46.1,45.64,45.76,25119500
2014-10-03,45.98,46.3,45.61,46.09,32453200
2014-10-06,46.12,46.3,45.92,46.09,20603900
2014-10-07,45.86,45.93,45.42,45.53,25724500
2014-10-08,45.49,46.89,45.34,46.78,33030900
2014-10-09,46.5,46.8,45.74,45.85,34426500
2014-10-10,45.6,46.12,43.95,44.03,51978100
2014-10-13,43.82,44.56,43.49,43.65,37100200
2014-10-14,43.87,44.38,43.56,43.73,38120500
2014-10-15,42.99,43.39,42.1,43.22,60220900
2014-10-16,42.53,43.08,42.22,42.74,49040900
2014-10-17,43.2,43.94,42.79,43.63,40683300
2014-10-20,43.06,44.14,42.81,44.08,34530800
2014-10-21,44.36,44.97,44.19,44.88,36433800
2014-10-22,45,45.07,44.22,44.38,33579800
2014-10-23,44.67,45.44,44.53,45.02,45451800
2014-10-24,46.81,46.9,45.18,46.13,61081000
2014-10-27,45.71,46.1,45.71,45.91,30371300
2014-10-28,45.86,46.5,45.77,46.49,29049700
2014-10-29,46.44,46.7,46.34,46.62,30283600
2014-10-30,46.3,46.32,45.77,46.05,30073800
2014-10-31,46.94,46.97,46.48,46.95,35849600
2014-11-03,46.89,47.46,46.73,47.44,23130300
2014-11-04,47.3,47.73,47.25,47.57,21530800
2014-11-05,47.8,47.9,47.26,47.86,22449500
2014-11-06,47.86,48.86,47.79,48.7,33037800
2014-11-07,48.92,48.92,48.29,48.68,28000500
2014-11-10,48.69,49.15,48.55,48.89,36370000
2014-11-11,48.85,48.93,48.65,48.87,23445200
2014-11-12,48.56,48.92,48.52,48.78,22722100
2014-11-13,48.81,49.65,48.71,49.61,26210400
2014-11-14,49.74,50.04,49.39,49.58,29081600
2014-11-17,49.41,49.71,49.14,49.46,30318600
2014-11-18,49.13,49.33,48.7,48.74,23996400
2014-11-19,48.66,48.75,47.93,48.22,26177400
2014-11-20,48,48.7,47.87,48.7,21510500
2014-11-21,49.02,49.05,47.57,47.98,42884700
2014-11-24,47.99,48,47.39,47.59,35434200
2014-11-25,47.66,47.97,47.45,47.47,28007900
2014-11-26,47.49,47.99,47.28,47.75,27164800
2014-11-27,47.75,47.75,47.75,47.75,0
2014-11-28,47.95,48.19,47.61,47.81,21534400
2014-12-01,47.88,48.78,47.71,48.62,31191500
2014-12-02,48.84,49.05,48.2,48.46,25773400
2014-12-03,48.44,48.5,47.81,48.08,23534700
2014-12-04,48.39,49.06,48.2,48.84,30345100
2014-12-05,48.82,48.97,48.38,48.42,27313400
2014-12-08,48.32,48.35,47.44,47.69,26663100
2014-12-09,47.11,47.92,47.05,47.59,24330500
2014-12-10,47.58,47.66,46.7,46.9,30431700
2014-12-11,47.08,47.74,46.68,47.17,29061900
2014-12-12,46.68,47.73,46.67,46.95,34248300
2014-12-15,47.2,47.67,46.55,46.67,29247700
2014-12-16,45.9,46.34,45.13,45.16,47765700
2014-12-17,45.05,45.94,44.9,45.74,34970800
2014-12-18,46.58,47.52,46.34,47.52,40105500
2014-12-19,47.61,48.1,47.17,47.66,64551100
2014-12-22,47.78,48.12,47.71,47.98,26565900
2014-12-23,48.37,48.8,48.13,48.45,23656500
2014-12-24,48.64,48.64,48.08,48.14,11442700
2014-12-25,48.14,48.14,48.14,48.14,0
2014-12-26,48.41,48.41,47.82,47.88,13197800
2014-12-29,47.7,47.78,47.26,47.45,14439500
2014-12-30,47.44,47.62,46.84,47.02,16384600
2014-12-31,46.73,47.44,46.45,46.45,21552400
2015-01-01,46.45,46.45,46.45,46.45,0
2015-01-02,46.66,47.42,46.54,46.76,27913800
2015-01-05,46.37,46.73,46.25,46.33,39673800
2015-01-06,46.38,46.75,45.54,45.65,36447800
2015-01-07,45.98,46.46,45.49,46.23,29114000
2015-01-08,46.75,47.75,46.72,47.59,29645200
2015-01-09,47.61,47.82,46.9,47.19,23944100
2015-01-12,47.42,47.54,46.36,46.6,23651800
2015-01-13,46.97,47.91,46.06,46.35,35270600
2015-01-14,45.96,46.24,45.62,45.96,29719500
2015-01-15,46.22,46.38,45.41,45.48,32750700
2015-01-16,45.31,46.28,45.17,46.24,35695200
2015-01-19,46.24,46.24,46.24,46.24,0
2015-01-20,46.3,46.65,45.57,46.39,36161800
2015-01-21,45.94,46.14,45.48,45.92,39081100
2015-01-22,46.49,47.13,46.08,47.13,35898000
2015-01-23,47.36,47.39,46.8,47.18,26211500
2015-01-26,47,47.13,46.24,47.01,42525500
2015-01-27,42.95,43.2,42.1,42.66,169163900
2015-01-28,42.74,42.79,41.16,41.19,84507000
2015-01-29,40.93,42.12,40.79,42.01,63585200
2015-01-30,41.55,41.58,40.35,40.4,78004900
2015-02-02,40.59,41.37,40.23,41.28,50352500
2015-02-03,41.63,41.93,41.04,41.6,52082400
2015-02-04,41.94,42.21,41.36,41.84,41614800
2015-02-05,42.22,42.64,41.85,42.45,36548100
2015-02-06,42.68,42.79,42.15,42.41,34616500
2015-02-09,42.24,42.74,42.21,42.36,31381000
2015-02-10,42.74,42.77,42.18,42.6,29670600
2015-02-11,42.65,42.65,42.21,42.38,38262500
2015-02-12,42.69,43.09,42.51,43.09,33268800
2015-02-13,43.38,43.87,43.15,43.87,40264800
2015-02-16,43.87,43.87,43.87,43.87,0
2015-02-17,43.97,44,43.19,43.58,33695700
2015-02-18,43.63,43.7,43.39,43.53,27111600
2015-02-19,43.27,43.53,43.05,43.5,27603400
2015-02-20,43.5,43.88,43.29,43.85,29721100
2015-02-23,43.7,44.19,43.65,44.15,32518700
2015-02-24,44.15,44.3,43.92,44.09,25271700
2015-02-25,43.95,44.09,43.8,43.99,29759800
2015-02-26,43.99,44.23,43.89,44.06,28957300
2015-02-27,44.14,44.2,43.66,43.85,33807700
2015-03-02,43.67,44.19,43.55,43.88,31924000
2015-03-03,43.56,43.83,43.09,43.28,31748600
2015-03-04,43.01,43.21,42.88,43.06,25748600
2015-03-05,43.07,43.24,42.82,43.11,23193500
2015-03-06,43,43.11,42.15,42.36,36248700
2015-03-09,42.19,43.13,42.19,42.85,32107900
2015-03-10,42.35,42.71,42.03,42.03,39159700
2015-03-11,42.32,42.37,41.84,41.98,32215300
2015-03-12,41.33,41.65,40.86,41.02,59992500
2015-03-13,40.7,41.47,40.61,41.38,58007700
2015-03-16,41.47,41.64,41.28,41.56,35273400
2015-03-17,41.37,41.83,41.15,41.69,31673400
2015-03-18,41.43,42.83,41.33,42.5,44194700
2015-03-19,42.25,42.59,42.22,42.28,33879000
2015-03-20,42.56,42.98,42.49,42.88,71904500
2015-03-23,42.9,43.13,42.78,42.85,26246000
2015-03-24,42.78,43.17,42.75,42.9,25513200
2015-03-25,42.92,42.92,41.44,41.46,43469900
2015-03-26,41.22,41.61,40.92,41.21,37495600
2015-03-27,41.12,41.43,40.83,40.97,34401400
2015-03-30,41.1,41.54,40.91,40.96,35049600
2015-03-31,40.78,41.03,40.54,40.65,34887200
2015-04-01,40.63,40.76,40.31,40.72,36865300
2015-04-02,40.66,40.74,40.12,40.29,37487400
2015-04-03,40.29,40.29,40.29,40.29,0
2015-04-06,40.34,41.78,40.18,41.54,39223600
2015-04-07,41.56,41.91,41.31,41.53,28809300
2015-04-08,41.46,41.69,41.04,41.42,24753400
2015-04-09,41.25,41.62,41.25,41.48,25723800
2015-04-10,41.48,41.95,41.41,41.72,28022000
2015-04-13,41.5,42.06,41.39,41.76,30276600
2015-04-14,41.8,42.03,41.39,41.65,24244300
2015-04-15,41.76,42.46,41.68,42.26,27343500
2015-04-16,41.95,42.34,41.82,42.16,22509600
2015-04-17,41.67,41.74,41.16,41.62,42387600
2015-04-20,41.86,43.17,41.68,42.9,46057700
2015-04-21,43,43.15,42.53,42.63,26013800
2015-04-22,42.67,43.13,42.55,42.99,25064200
2015-04-23,42.89,43.61,42.8,43.34,46309500
2015-04-24,45.66,48.14,45.65,47.87,130933600
2015-04-27,47.23,48.13,47.22,48.03,59248100
2015-04-28,47.78,49.21,47.7,49.15,60730700
2015-04-29,48.72,49.31,48.5,49.06,47804500
2015-04-30,48.7,49.54,48.6,48.64,64725400
2015-05-01,48.58,48.88,48.4,48.65,38937300
2015-05-04,48.37,48.87,48.18,48.24,34039400
2015-05-05,47.82,48.16,47.31,47.6,50369100
2015-05-06,47.74,47.77,46.02,46.28,52433000
2015-05-07,46.26,47.08,46.16,46.7,32971600
2015-05-08,47.56,47.98,47.52,47.75,35364900
2015-05-11,47.55,47.91,47.37,47.37,24609400
2015-05-12,46.85,47.68,46.42,47.35,29928200
2015-05-13,48.19,48.32,47.57,47.63,34184600
2015-05-14,48.03,48.82,48.03,48.72,32980800
2015-05-15,48.9,48.9,48.05,48.29,28642600
2015-05-18,47.98,48.22,47.61,48.01,24136500
2015-05-19,47.62,47.81,47.18,47.58,28574800
2015-05-20,47.39,47.93,47.27,47.58,25047900
2015-05-21,47.3,47.6,47.01,47.42,22410600
2015-05-22,47.3,47.35,46.82,46.9,25720500
2015-05-25,46.9,46.9,46.9,46.9,0
2015-05-26,46.83,46.88,46.19,46.59,29581800
2015-05-27,46.82,47.77,46.62,47.61,27335600
2015-05-28,47.5,48.02,47.39,47.45,19283600
2015-05-29,47.43,47.57,46.59,46.86,36519500
2015-06-01,47.06,47.77,46.62,47.23,28837300
2015-06-02,46.95,47.35,46.62,46.92,21498300
2015-06-03,47.37,47.74,46.82,46.85,28002100
2015-06-04,46.79,47.16,46.2,46.36,27745500
2015-06-05,46.3,46.52,45.84,46.14,25438000
2015-06-08,46.3,46.43,45.67,45.73,22121600
2015-06-09,45.76,45.94,45.46,45.65,24406000
2015-06-10,45.79,46.83,45.69,46.61,28417400
2015-06-11,46.66,46.92,46.13,46.44,27347700
2015-06-12,46.22,46.47,45.9,45.97,23916000
2015-06-15,45.45,45.65,45.02,45.47,33254500
2015-06-16,45.49,46.24,45.3,45.83,27070300
2015-06-17,45.73,46.07,45.36,45.97,28704000
2015-06-18,46.21,46.8,46.17,46.72,32658300
2015-06-19,46.79,46.83,45.99,46.1,63837000
2015-06-22,46.33,46.72,46.16,46.23,20318000
2015-06-23,46.14,46.28,45.62,45.91,25896400
2015-06-24,45.67,46.24,45.55,45.63,34890900
2015-06-25,46.01,46.06,45.5,45.65,20615900
2015-06-26,45.79,46.28,45.03,45.26,49835200
2015-06-29,45.04,45.23,44.36,44.37,34081700
2015-06-30,44.71,44.72,43.94,44.15,35945300
2015-07-01,44.46,45.23,44.1,44.44,28343900
2015-07-02,44.48,44.75,44.06,44.4,21752000
2015-07-03,44.4,44.4,44.4,44.4,0
2015-07-06,43.96,44.48,43.95,44.39,23033900
2015-07-07,44.34,44.49,43.32,44.3,36435800
2015-07-08,44.44,44.9,44.03,44.24,39785900
2015-07-09,44.75,45.22,44.5,44.52,32424600
2015-07-10,45.01,45.14,44.57,44.61,25465700
2015-07-13,44.97,45.62,44.95,45.54,28178300
2015-07-14,45.45,45.96,45.31,45.62,22880200
2015-07-15,45.68,45.89,45.43,45.76,26629600
2015-07-16,46.01,46.69,45.97,46.66,26271600
2015-07-17,46.55,46.78,46.26,46.62,29467100
2015-07-20,46.65,47.13,46.44,46.92,30631900
2015-07-21,46.78,47.33,46.48,47.28,42781900
2015-07-22,45.44,46.93,45.2,45.54,59152400
2015-07-23,45.27,46.23,45.1,46.11,33934000
2015-07-24,45.91,46.32,45.8,45.94,32333200
2015-07-27,45.94,46.01,45.25,45.35,39701400
2015-07-28,45.58,45.64,44.79,45.34,34328900
2015-07-29,45.4,46.78,45.26,46.29,40945800
2015-07-30,46.26,47.4,45.93,46.88,39777800
2015-07-31,47.29,47.37,46.5,46.7,31201400
2015-08-03,46.98,47,46.45,46.81,24125800
2015-08-04,46.75,47.71,46.68,47.54,33403900
2015-08-05,47.98,48.41,47.54,47.58,26959600
2015-08-06,47.71,47.77,46.33,46.62,27368000
2015-08-07,46.39,46.78,46.26,46.74,19163000
2015-08-10,46.95,47.49,46.84,47.33,23079800
2015-08-11,46.82,46.94,45.9,46.41,29237400
2015-08-12,46.19,46.9,45.71,46.74,30198500
2015-08-13,47.06,47.1,46.49,46.73,22627200
2015-08-14,46.53,47.1,46.52,47,21473400
2015-08-17,46.81,47.45,46.57,47.32,21099700
2015-08-18,46.84,47.43,46.7,47.27,23574100
2015-08-19,46.78,47.08,46.3,46.61,31485500
2015-08-20,46.07,46.47,45.66,45.66,36238200
2015-08-21,45.3,45.48,43.07,43.07,70053000
2015-08-24,40.45,43.31,39.72,41.68,88753600
2015-08-25,42.56,43.24,40.39,40.47,70616500
2015-08-26,42.01,42.84,41.06,42.71,63408000
2015-08-27,43.23,43.95,42.92,43.9,50943200
2015-08-28,43.4,44.15,43.39,43.93,28246700
2015-08-31,43.56,43.93,43.1,43.52,34441600
2015-09-01,42.17,42.59,41.66,41.82,49688800
2015-09-02,42.36,43.38,41.88,43.36,37671500
2015-09-03,43.41,43.98,43.28,43.5,28285200
2015-09-04,42.81,43.04,42.19,42.61,37138700
2015-09-07,42.61,42.61,42.61,42.61,0
2015-09-08,43.3,44,43.2,43.89,32469700
2015-09-09,44.21,44.4,42.91,43.07,33469400
2015-09-10,43.12,43.79,42.74,43.29,31366600
2015-09-11,43.14,43.59,42.94,43.48,27132500
2015-09-14,43.43,43.44,42.86,43.04,23656000
2015-09-15,43.19,44.29,43.08,43.98,28882200
2015-09-16,43.97,44.38,43.84,44.3,23372100
2015-09-17,44.29,45,44.08,44.25,32768100
2015-09-18,43.5,43.99,43.33,43.48,63143600
2015-09-21,43.62,44.47,43.6,44.11,26177200
2015-09-22,43.38,44.05,43.31,43.9,28085900
2015-09-23,43.93,44.17,43.51,43.87,17145200
2015-09-24,43.45,44.13,43.27,43.91,27905600
2015-09-25,44.48,44.73,43.76,43.94,29384600
2015-09-28,43.83,44.08,43.21,43.29,27613700
2015-09-29,43.37,43.57,43.05,43.44,32763500
2015-09-30,43.88,44.3,43.66,44.26,34958800
2015-10-01,44.75,44.75,43.75,44.61,28657800
2015-10-02,44.27,45.57,43.92,45.57,41839000
2015-10-05,45.74,46.89,45.7,46.63,34369200
2015-10-06,46.33,47.17,46.22,46.75,27510800
2015-10-07,47.1,47.35,45.95,46.8,27711400
2015-10-08,46.56,47.51,46.5,47.45,33772700
2015-10-09,47.45,47.54,46.92,47.11,28597400
2015-10-12,46.98,47.07,46.5,47,19769000
2015-10-13,46.56,47.13,46.56,46.89,19987800
2015-10-14,46.65,47.1,46.53,46.68,24697700
2015-10-15,47.01,47.03,46.53,47.01,27189300
2015-10-16,47.02,47.54,46.9,47.51,26450300
2015-10-19,47.42,47.88,47.02,47.62,29387500
2015-10-20,47.44,47.81,47.02,47.77,30802200
2015-10-21,47.92,47.99,47.11,47.2,25264700
2015-10-22,47.53,48.95,47.09,48.03,56637000
2015-10-23,52.3,54.07,52.25,52.87,135227000
2015-10-26,52.53,54.32,52.5,54.25,64633300
2015-10-27,53.99,54.37,53.58,53.69,50999900
2015-10-28,53.54,53.98,52.86,53.98,47000700
2015-10-29,53.54,53.83,53.22,53.36,30202000
2015-10-30,53.32,53.99,52.62,52.64,46619700
2015-11-02,52.85,53.36,52.62,53.24,30284900
2015-11-03,52.93,54.39,52.9,54.15,36596900
2015-11-04,54.18,54.88,54.06,54.4,37087800
2015-11-05,54.49,54.7,54,54.38,31468400
2015-11-06,54.08,54.98,53.96,54.92,32851200
2015-11-09,54.55,54.87,53.56,54.16,32513000
2015-11-10,54.07,54.13,53.27,53.51,55283600
2015-11-11,53.7,54.2,53.46,53.65,36516200
2015-11-12,53.48,53.98,53.19,53.32,35361000
2015-11-13,53.07,53.29,52.53,52.84,36848100
2015-11-16,53.08,53.89,52.85,53.76,32165100
2015-11-17,53.17,53.53,52.85,52.97,31551200
2015-11-18,53,53.98,52.98,53.85,29710000
2015-11-19,53.99,54.66,53.78,53.94,28149200
2015-11-20,54.25,54.3,53.26,54.19,37147600
2015-11-23,54.25,54.46,53.75,54.19,28235900
2015-11-24,53.92,54.44,53.58,54.25,24599500
2015-11-25,54.09,54.23,53.69,53.69,21005100
2015-11-26,53.69,53.69,53.69,53.69,0
2015-11-27,53.8,54.08,53.79,53.93,9009100
2015-11-30,54.54,54.96,54,54.35,56241400
2015-12-01,54.41,55.23,54.3,55.22,39952700
2015-12-02,55.32,55.96,55.06,55.21,47274800
2015-12-03,55.49,55.77,53.93,54.2,38627800
2015-12-04,54.12,56.23,54.1,55.91,43963600
2015-12-07,55.79,55.97,55.29,55.81,30709700
2015-12-08,55.47,56.1,54.99,55.79,32878000
2015-12-09,55.37,55.87,54.51,54.98,36373200
2015-12-10,55.39,55.65,55.01,55.27,31775800
2015-12-11,54.71,55.1,54.01,54.06,39549400
2015-12-14,54.33,55.21,53.68,55.14,47006400
2015-12-15,55.66,55.9,55.09,55.2,39842900
2015-12-16,55.54,56.24,54.76,56.13,37503300
2015-12-17,56.36,56.79,55.53,55.7,41280900
2015-12-18,55.77,56,54.03,54.13,84684100
2015-12-21,54.88,55.35,54.23,54.83,37246300
2015-12-22,54.99,55.48,54.5,55.35,28322200
2015-12-23,55.7,55.88,55.44,55.82,27279800
2015-12-24,55.86,55.96,55.43,55.67,9570000
2015-12-25,55.67,55.67,55.67,55.67,0
2015-12-28,55.35,55.95,54.98,55.95,22458200
2015-12-29,56.29,56.85,56.06,56.55,27731400
2015-12-30,56.47,56.78,56.29,56.31,21704500
2015-12-31,56.04,56.19,55.42,55.48,27334000
2016-01-01,55.48,55.48,55.48,55.48,0
2016-01-04,54.32,54.8,53.39,54.8,53777900
2016-01-05,54.93,55.39,54.54,55.05,34079600
2016-01-06,54.32,54.4,53.64,54.05,39518800
2016-01-07,52.7,53.49,52.07,52.17,56564800
2016-01-08,52.37,53.28,52.15,52.33,48753900
2016-01-11,52.51,52.85,51.46,52.3,36943700
2016-01-12,52.76,53.1,52.06,52.78,36095500
2016-01-13,53.8,54.07,51.3,51.64,66883500
2016-01-14,52,53.42,51.57,53.11,52381900
2016-01-15,51.31,51.97,50.34,50.99,71820700
2016-01-18,50.99,50.99,50.99,50.99,0
2016-01-19,51.48,51.68,50.06,50.56,43564500
2016-01-20,49.98,51.38,49.1,50.79,63272900
2016-01-21,51,51.58,50.3,50.48,40191100
2016-01-22,51.41,52.33,51.26,52.29,37555700
2016-01-25,51.94,52.65,51.65,51.79,34707700
2016-01-26,51.79,52.44,51.55,52.17,28900800
2016-01-27,52.01,52.2,51.02,51.22,36775100
2016-01-28,51.86,52.21,51.25,52.06,62513700
2016-01-29,54.73,55.09,54,55.09,83611600
2016-02-01,54.88,55.09,54.49,54.71,44208500
2016-02-02,54.17,54.26,52.65,53,56313700
2016-02-03,53.25,53.39,51.26,52.16,57559800
2016-02-04,52.1,52.81,51.37,52,46987100
2016-02-05,51.94,52,49.56,50.16,62008900
2016-02-08,49.55,49.57,48.19,49.41,59290500
2016-02-09,49.02,50.24,48.67,49.28,46740400
2016-02-10,49.89,50.39,49.52,49.71,38236900
2016-02-11,48.68,50.11,48.51,49.69,48878500
2016-02-12,50.25,50.68,49.75,50.5,34243300
2016-02-15,50.5,50.5,50.5,50.5,0
2016-02-16,50.9,51.09,50.13,51.09,37291200
2016-02-17,51.49,52.77,51.45,52.42,40788900
2016-02-18,52.33,52.95,52.1,52.19,27176000
2016-02-19,51.97,52.28,51.53,51.82,33559000
2016-02-22,52.28,53,52.28,52.65,25008200
2016-02-23,52.34,52.37,50.98,51.18,28895200
2016-02-24,50.69,51.5,50.2,51.36,33014400
2016-02-25,51.73,52.1,50.61,52.1,26939400
2016-02-26,52.6,52.68,51.1,51.3,35975900
2016-02-29,51.35,51.65,50.66,50.88,31654000
2016-03-01,50.97,52.59,50.92,52.58,33024500
2016-03-02,52.41,52.96,52.15,52.95,29289800
2016-03-03,52.97,52.97,51.78,52.35,24427800
2016-03-04,52.4,52.45,51.71,52.03,33034100
2016-03-07,51.56,51.8,50.58,51.03,38428800
2016-03-08,50.8,52.13,50.6,51.65,33835100
2016-03-09,51.89,52.85,51.85,52.84,28251500
2016-03-10,52.93,52.94,51.16,52.05,38387800
2016-03-11,53,53.07,52.38,53.07,32275600
2016-03-14,52.71,53.59,52.63,53.17,24083600
2016-03-15,52.75,53.59,52.74,53.59,21104700
2016-03-16,53.45,54.6,53.4,54.35,31691700
2016-03-17,54.21,55,54,54.66,28223900
2016-03-18,54.92,54.97,53.44,53.49,67625500
2016-03-21,53.25,53.93,52.93,53.86,23925700
2016-03-22,53.61,54.25,53.46,54.07,23124100
2016-03-23,54.11,54.24,53.74,53.97,20129000
2016-03-24,53.84,54.33,53.73,54.21,19949900
2016-03-25,54.21,54.21,54.21,54.21,0
2016-03-28,54.21,54.29,53.33,53.54,17025000
2016-03-29,53.66,54.86,53.45,54.71,23924300
2016-03-30,54.93,55.64,54.9,55.05,23008200
2016-03-31,54.95,55.59,54.86,55.23,26360400
2016-04-01,55.05,55.61,54.57,55.57,24399100
2016-04-04,55.43,55.66,55,55.43,18928800
2016-04-05,55.19,55.3,54.46,54.56,19272200
2016-04-06,54.36,55.2,54.21,55.12,21188600
2016-04-07,54.87,54.91,54.23,54.46,19225000
2016-04-08,54.67,55.28,54.32,54.42,22167200
2016-04-11,54.49,55.15,54.3,54.31,21414200
2016-04-12,54.37,54.78,53.76,54.65,24944200
2016-04-13,55.12,55.44,54.89,55.35,20817900
2016-04-14,55.22,55.58,55.07,55.36,20877100
2016-04-15,55.3,55.92,55.11,55.65,28793700
2016-04-18,55.49,56.59,55.21,56.46,23785900
2016-04-19,56.63,56.77,55.68,56.39,29596800
2016-04-20,56.29,56.5,55.49,55.59,36195700
2016-04-21,55.8,56.23,55.42,55.78,38909000
2016-04-22,51.91,52.43,50.77,51.78,126834000
2016-04-25,51.78,52.13,51.63,52.11,33226900
2016-04-26,52.26,52.35,51.09,51.44,33532600
2016-04-27,51.48,51.5,50.55,50.94,43369200
2016-04-28,50.62,50.77,49.56,49.9,43134800
2016-04-29,49.35,50.25,49.35,49.87,48411600
2016-05-02,50,50.75,49.78,50.61,33114500
2016-05-03,50.34,50.41,49.6,49.78,26460200
2016-05-04,49.84,50.06,49.46,49.87,24257500
2016-05-05,49.87,50.3,49.73,49.94,25390700
2016-05-06,49.92,50.39,49.66,50.39,24787300
2016-05-09,50.49,50.58,50,50.07,17951500
2016-05-10,50.33,51.1,50.19,51.02,22890900
2016-05-11,51.13,51.78,51,51.05,24039100
2016-05-12,51.2,51.81,50.92,51.51,24102700
2016-05-13,51.44,51.9,51.04,51.08,22592300
2016-05-16,50.8,51.96,50.75,51.83,20032000
2016-05-17,51.72,51.73,50.36,50.51,27803500
2016-05-18,50.48,51.14,50.3,50.81,24907500
2016-05-19,50.47,50.62,49.82,50.32,23842300
2016-05-20,50.48,51.22,50.4,50.62,23905700
2016-05-23,50.6,50.68,49.98,50.03,26118700
2016-05-24,50.7,51.71,50.4,51.59,34757900
2016-05-25,51.92,52.49,51.79,52.12,24204500
2016-05-26,51.93,51.98,51.36,51.89,24335200
2016-05-27,51.92,52.32,51.77,52.32,17721400
2016-05-30,52.32,52.32,52.32,52.32,0
2016-05-31,52.26,53,52.08,53,37653000
2016-06-01,52.44,52.95,52.44,52.85,25324800
2016-06-02,52.64,52.74,51.83,52.48,22840700
2016-06-03,52.38,52.42,51.6,51.79,23368200
2016-06-06,51.99,52.35,51.89,52.13,18243200
2016-06-07,52.24,52.73,52.1,52.1,20866700
2016-06-08,52.02,52.44,51.87,52.04,21149400
2016-06-09,52,52,51.49,51.62,20305600
2016-06-10,51.05,52.05,51.04,51.48,25833100
2016-06-13,49.58,50.72,49.06,50.14,83217800
2016-06-14,49.9,50.1,49.57,49.83,42577100
2016-06-15,49.78,50.12,49.69,49.69,33757600
2016-06-16,49.52,50.47,49.51,50.39,31188600
2016-06-17,50.41,50.43,49.82,50.13,45710500
2016-06-20,50.64,50.83,50.03,50.07,35607900
2016-06-21,50.2,51.43,50.16,51.19,34097800
2016-06-22,51.08,51.46,50.95,50.99,28816800
2016-06-23,51.28,52.06,51.15,51.91,29028800
2016-06-24,49.81,50.94,49.52,49.83,133502896
2016-06-27,49.1,49.15,48.03,48.43,50576700
2016-06-28,48.92,49.47,48.67,49.44,38140600
2016-06-29,49.91,50.72,49.8,50.54,31304000
2016-06-30,50.72,51.3,50.5,51.17,28527700
2016-07-01,51.13,51.72,51.07,51.16,21400300
2016-07-04,51.16,51.16,51.16,51.16,0
2016-07-05,50.83,51.28,50.74,51.17,24806300
2016-07-06,50.78,51.54,50.39,51.38,28167400
2016-07-07,51.42,51.61,51.07,51.38,19585100
2016-07-08,51.73,52.36,51.55,52.3,28391000
2016-07-11,52.5,52.83,52.47,52.59,22269200
2016-07-12,52.94,53.4,52.78,53.21,27317500
2016-07-13,53.56,53.86,53.18,53.51,25356800
2016-07-14,53.84,53.99,53.58,53.74,24545500
2016-07-15,53.95,54,53.21,53.7,32024300
2016-07-18,53.7,54.34,53.55,53.96,31433800
2016-07-19,53.71,53.9,52.93,53.09,53336500
2016-07-20,56.15,56.84,55.53,55.91,89893300
2016-07-21,55.98,56.23,55.76,55.8,32776600
2016-07-22,56.08,56.63,55.78,56.57,32157100
2016-07-25,56.47,56.74,56.26,56.73,25610500
2016-07-26,56.52,57.29,56.51,56.76,28078900
2016-07-27,56.61,56.8,56.11,56.19,32327400
2016-07-28,56,56.37,55.72,56.21,37550400
2016-07-29,56.26,56.76,56.05,56.68,30558700
2016-08-01,56.6,56.75,56.14,56.58,26003400
2016-08-02,56.85,56.9,56.31,56.58,35121900
2016-08-03,56.68,57.11,56.49,56.97,22075600
2016-08-04,56.8,57.52,56.67,57.39,26587700
2016-08-05,57.65,58.21,57.45,57.96,29335200
2016-08-08,58.06,58.08,57.78,58.06,19473400
2016-08-09,58.17,58.5,58.02,58.2,16920700
2016-08-10,58.16,58.32,57.82,58.02,15756900
2016-08-11,58.03,58.45,58.03,58.3,18162300
2016-08-12,58.03,58.19,57.62,57.94,21655100
2016-08-15,58.01,58.5,57.96,58.12,19283900
2016-08-16,57.61,57.62,57.27,57.44,20523400
2016-08-17,57.54,57.68,57.23,57.56,18856400
2016-08-18,57.42,57.7,57.27,57.6,14214300
2016-08-19,57.43,57.73,57.2,57.62,17271000
2016-08-22,57.6,57.75,57.26,57.67,15221900
2016-08-23,57.9,58.18,57.85,57.89,18732300
2016-08-24,57.8,58.04,57.72,57.95,18151500
2016-08-25,57.88,58.29,57.78,58.17,18552500
2016-08-26,58.28,58.7,57.69,58.03,20971200
2016-08-29,58.18,58.6,58.1,58.1,16414200
2016-08-30,57.98,58.19,57.61,57.89,16930100
2016-08-31,57.65,57.8,57.3,57.46,20860200
2016-09-01,57.01,57.82,57.01,57.59,26074300
2016-09-02,57.67,58.19,57.42,57.67,18899300
2016-09-05,57.67,57.67,57.67,57.67,0
2016-09-06,57.78,57.8,57.21,57.61,16277900
2016-09-07,57.47,57.84,57.4,57.66,17493300
2016-09-08,57.63,57.79,57.18,57.43,20146000
2016-09-09,56.79,57.52,56.21,56.21,35113900
2016-09-12,56,57.21,55.61,57.05,29302900
2016-09-13,56.5,56.65,56.05,56.53,30128300
2016-09-14,56.39,56.63,56.03,56.26,24272500
2016-09-15,56.15,57.35,55.98,57.19,27060700
2016-09-16,57.63,57.63,56.75,57.25,44605600
2016-09-19,57.27,57.75,56.85,56.93,20936600
2016-09-20,57.35,57.35,56.75,56.81,17378900
2016-09-21,57.51,57.85,57.08,57.76,33706400
2016-09-22,57.92,58,57.63,57.82,19822100
2016-09-23,57.87,57.91,57.38,57.43,19955100
2016-09-26,57.08,57.14,56.83,56.9,21687800
2016-09-27,56.91,58.06,56.68,57.95,28063900
2016-09-28,57.88,58.06,57.67,58.03,20536200
2016-09-29,57.81,58.17,57.21,57.4,25463500
2016-09-30,57.57,57.77,57.34,57.6,29910700
2016-10-03,57.4,57.55,57.06,57.42,19189500
2016-10-04,57.27,57.6,56.97,57.24,20085800
2016-10-05,57.29,57.96,57.26,57.64,16726400
2016-10-06,57.74,57.86,57.28,57.74,16212600
2016-10-07,57.85,57.98,57.42,57.8,20089000
2016-10-10,57.91,58.39,57.87,58.04,18196500
2016-10-11,57.89,58.02,56.89,57.19,26497400
2016-10-12,57.11,57.27,56.4,57.11,22177400
2016-10-13,56.7,57.3,56.31,56.92,25313700
2016-10-14,57.12,57.74,57.12,57.42,27402400
2016-10-17,57.36,57.46,56.87,57.22,23830000
2016-10-18,57.53,57.94,57.41,57.66,19149500
2016-10-19,57.47,57.84,57.4,57.53,22878300
2016-10-20,57.5,57.52,56.66,57.25,49455600
2016-10-21,60.28,60.45,59.49,59.66,80032200
2016-10-24,59.94,61,59.93,61,54066900
2016-10-25,60.85,61.37,60.8,60.99,35137100
2016-10-26,60.81,61.2,60.47,60.63,29911600
2016-10-27,60.61,60.83,60.09,60.1,28479800
2016-10-28,60.01,60.52,59.58,59.87,33574600
2016-10-31,60.16,60.42,59.92,59.92,26434600
2016-11-01,59.97,60.02,59.25,59.8,24532900
2016-11-02,59.82,59.93,59.3,59.43,22147000
2016-11-03,59.53,59.64,59.11,59.21,21600400
2016-11-04,58.65,59.28,58.52,58.71,28697000
2016-11-07,59.78,60.52,59.78,60.42,31664700
2016-11-08,60.55,60.78,60.15,60.47,22935300
2016-11-09,60,60.59,59.2,60.17,49632400
2016-11-10,60.48,60.49,57.63,58.7,57822300
2016-11-11,58.23,59.12,58.01,59.02,38767800
2016-11-14,59.02,59.08,57.28,58.12,41328400
2016-11-15,58.33,59.49,58.31,58.87,35904100
2016-11-16,58.94,59.66,58.81,59.65,27332400
2016-11-17,60.41,60.95,59.97,60.64,32132700
2016-11-18,60.78,61.14,60.3,60.35,27686300
2016-11-21,60.5,60.97,60.42,60.86,19652500
2016-11-22,60.98,61.26,60.81,61.12,23206700
2016-11-23,61.01,61.1,60.25,60.4,21848900
2016-11-24,60.4,60.4,60.4,60.4,0
2016-11-25,60.3,60.53,60.13,60.53,8409600
2016-11-28,60.34,61.02,60.21,60.61,20732600
2016-11-29,60.65,61.41,60.52,61.09,22366700
2016-11-30,60.86,61.18,60.22,60.26,34655400
2016-12-01,60.11,60.15,58.94,59.2,34542100
2016-12-02,59.08,59.47,58.8,59.25,25515600
2016-12-05,59.7,60.58,59.56,60.22,23552600
2016-12-06,60.43,60.46,59.8,59.95,19907000
2016-12-07,60.01,61.38,59.8,61.37,30808900
2016-12-08,61.3,61.58,60.84,61.01,21220700
2016-12-09,61.18,61.99,61.13,61.97,27349300
2016-12-12,61.82,62.3,61.72,62.17,20198000
2016-12-13,62.5,63.42,62.24,62.98,35718800
2016-12-14,63,63.45,62.53,62.68,30352600
2016-12-15,62.7,63.15,62.3,62.58,27669800
2016-12-16,62.95,62.95,62.12,62.3,42453000
2016-12-19,62.56,63.77,62.42,63.62,34338200
2016-12-20,63.69,63.8,63.03,63.54,26028300
2016-12-21,63.43,63.7,63.12,63.54,17096300
2016-12-22,63.84,64.1,63.4,63.55,22176500
2016-12-23,63.45,63.54,62.8,63.24,12403800
2016-12-26,63.24,63.24,63.24,63.24,0
2016-12-27,63.21,64.07,63.21,63.28,11763100
2016-12-28,63.4,63.4,62.83,62.99,14653300
2016-12-29,62.86,63.2,62.73,62.9,10250400
2016-12-30,62.96,62.99,62.03,62.14,25579900
2017-01-02,62.14,62.14,62.14,62.14,0
2017-01-03,62.79,62.84,62.13,62.58,20694100
2017-01-04,62.48,62.75,62.12,62.3,21339900
2017-01-05,62.19,62.66,62.03,62.3,24875900
2017-01-06,62.3,63.15,62.04,62.84,19922900
2017-01-09,62.76,63.08,62.54,62.64,20382700
2017-01-10,62.73,63.07,62.28,62.62,18593000
2017-01-11,62.61,63.23,62.43,63.19,21517300
2017-01-12,63.06,63.4,61.95,62.61,20967000
2017-01-13,62.62,62.87,62.35,62.7,19422200
2017-01-16,62.7,62.7,62.7,62.7,0
2017-01-17,62.68,62.7,62.03,62.53,20663900
2017-01-18,62.67,62.7,62.12,62.5,19670100
2017-01-19,62.24,62.98,62.19,62.3,18451600
2017-01-20,62.67,62.82,62.37,62.74,30213200
2017-01-23,62.7,63.12,62.57,62.96,23097000
2017-01-24,63.2,63.74,62.94,63.52,24670900
2017-01-25,63.95,64.1,63.45,63.68,24644600
2017-01-26,64.12,64.54,63.55,64.27,43488800
2017-01-27,65.39,65.91,64.89,65.78,44813200
2017-01-30,65.69,65.79,64.8,65.13,31649700
2017-01-31,64.86,65.15,64.26,64.65,25270500
2017-02-01,64.36,64.62,63.47,63.58,39671500
2017-02-02,63.25,63.41,62.75,63.17,45827000
2017-02-03,63.5,63.7,63.07,63.68,30299600
2017-02-06,63.5,63.65,63.14,63.64,19796300
2017-02-07,63.74,63.78,63.23,63.43,20277200
2017-02-08,63.57,63.81,63.22,63.34,18096300
2017-02-09,63.52,64.43,63.32,64.06,22644400
2017-02-10,64.25,64.3,63.97,64,18170700
2017-02-13,64.24,64.86,64.13,64.72,22920100
2017-02-14,64.41,64.72,64.02,64.57,23108400
2017-02-15,64.5,64.57,64.15,64.53,17005100
2017-02-16,64.74,65.24,64.44,64.52,20546300
2017-02-17,64.47,64.69,64.3,64.62,21248800
2017-02-20,64.62,64.62,64.62,64.62,0
2017-02-21,64.61,64.95,64.45,64.49,20655800
2017-02-22,64.33,64.39,64.05,64.36,19292600
2017-02-23,64.42,64.73,64.19,64.62,20273100
2017-02-24,64.53,64.8,64.14,64.62,21796800
2017-02-27,64.54,64.54,64.04,64.23,15871500
2017-02-28,64.08,64.2,63.76,63.98,23239800
2017-03-01,64.13,64.99,64.02,64.94,26937400
2017-03-02,64.69,64.75,63.88,64.01,24539500
2017-03-03,63.99,64.28,63.62,64.25,18139400
2017-03-06,63.97,64.56,63.81,64.27,18750200
2017-03-07,64.19,64.78,64.19,64.4,18520900
2017-03-08,64.26,65.08,64.25,64.99,21510900
2017-03-09,65.19,65.2,64.48,64.73,19846800
2017-03-10,65.11,65.26,64.75,64.93,19538200
2017-03-13,65.01,65.19,64.57,64.71,20100000
2017-03-14,64.53,64.55,64.15,64.41,14280200
2017-03-15,64.55,64.92,64.25,64.75,24833800
2017-03-16,64.75,64.76,64.3,64.64,20674200
2017-03-17,64.91,65.24,64.68,64.87,49219600
2017-03-20,64.91,65.18,64.72,64.93,14598000
2017-03-21,65.19,65.5,64.13,64.21,26640400
2017-03-22,64.12,65.14,64.12,65.03,20680000
2017-03-23,64.94,65.24,64.76,64.87,19269200
2017-03-24,65.12,65.45,64.76,64.98,22617100
2017-03-27,64.63,65.22,64.35,65.1,18614600
2017-03-28,64.96,65.47,64.65,65.29,20080300
2017-03-29,65.12,65.5,64.95,65.47,13618400
2017-03-30,65.42,65.98,65.36,65.71,15122800
2017-03-31,65.65,66.19,65.45,65.86,21040300
2017-04-03,65.81,65.94,65.19,65.55,20400800
2017-04-04,65.39,65.81,65.28,65.73,12997400
2017-04-05,66.3,66.35,65.44,65.56,21448500
2017-04-06,65.6,66.06,65.48,65.73,18103400
2017-04-07,65.85,65.96,65.44,65.68,14108500
2017-04-10,65.61,65.82,65.36,65.53,17952700
2017-04-11,65.6,65.61,64.85,65.48,18791500
2017-04-12,65.42,65.51,65.11,65.23,17108500
2017-04-13,65.29,65.86,64.95,64.95,17896400
2017-04-14,64.95,64.95,64.95,64.95,0
2017-04-17,65.04,65.49,65.01,65.48,16689200
2017-04-18,65.33,65.71,65.16,65.39,15155600
2017-04-19,65.65,65.75,64.89,65.04,26992700
2017-04-20,65.46,65.75,65.14,65.5,22299400
2017-04-21,65.67,66.7,65.45,66.4,32522600
2017-04-24,67.48,67.66,67.1,67.53,29769900
2017-04-25,67.9,68.04,67.6,67.92,30242700
2017-04-26,68.08,68.31,67.62,67.83,26190700
2017-04-27,68.15,68.38,67.58,68.27,34970900
2017-04-28,68.91,69.14,67.69,68.46,39548800
2017-05-01,68.68,69.55,68.5,69.41,31954300
2017-05-02,69.71,69.71,69.13,69.3,23906100
2017-05-03,69.38,69.38,68.71,69.08,28927900
2017-05-04,69.03,69.08,68.64,68.81,21749400
2017-05-05,68.9,69.03,68.49,69,19128700
2017-05-08,68.97,69.05,68.42,68.94,18566000
2017-05-09,68.86,69.28,68.68,69.04,22858400
2017-05-10,68.99,69.56,68.92,69.31,17977800
2017-05-11,68.36,68.73,68.12,68.46,28789400
2017-05-12,68.61,68.61,68.04,68.38,18714100
2017-05-15,68.14,68.48,67.57,68.43,31530300
2017-05-16,68.23,69.44,68.16,69.41,34956000
2017-05-17,68.89,69.1,67.43,67.48,30548700
2017-05-18,67.4,68.13,67.14,67.71,25201200
2017-05-19,67.5,68.1,67.43,67.69,26961100
2017-05-22,67.89,68.5,67.5,68.45,16237500
2017-05-23,68.72,68.75,68.38,68.68,15425800
2017-05-24,68.87,68.88,68.45,68.77,14666800
2017-05-25,68.97,69.88,68.91,69.62,21854000
2017-05-26,69.8,70.22,69.52,69.96,19827900
2017-05-29,69.96,69.96,69.96,69.96,0
2017-05-30,69.79,70.41,69.77,70.41,17072800
2017-05-31,70.53,70.74,69.81,69.84,30436300
2017-06-01,70.24,70.61,69.45,70.1,21603600
2017-06-02,70.44,71.86,70.24,71.76,34770200
2017-06-05,71.97,72.89,71.81,72.28,33316700
2017-06-06,72.3,72.62,72.27,72.52,31511000
2017-06-07,72.64,72.77,71.95,72.39,22301700
2017-06-08,72.51,72.52,71.5,71.95,24588200
2017-06-09,72.04,72.08,68.59,70.32,49187300
2017-06-12,69.25,69.94,68.13,69.78,47761700
2017-06-13,70.02,70.82,69.96,70.65,25258600
2017-06-14,70.91,71.1,69.43,70.27,25510600
2017-06-15,69.27,70.21,68.8,69.9,26068700
2017-06-16,69.73,70.03,69.22,70,48345000
2017-06-19,70.5,70.94,70.35,70.87,23798200
2017-06-20,70.82,70.87,69.87,69.91,21512200
2017-06-21,70.21,70.62,69.94,70.27,19891000
2017-06-22,70.54,70.59,69.71,70.26,22965700
2017-06-23,70.09,71.25,69.92,71.21,27617200
2017-06-26,71.4,71.71,70.44,70.53,19606900
2017-06-27,70.11,70.18,69.18,69.21,25215100
2017-06-28,69.21,69.84,68.79,69.8,25806200
2017-06-29,69.38,69.49,68.09,68.49,28916600
2017-06-30,68.78,69.38,68.74,68.93,24161000
2017-07-03,69.33,69.6,68.02,68.17,16165500
2017-07-04,68.17,68.17,68.17,68.17,0
2017-07-05,68.25,69.44,68.22,69.08,21176200
2017-07-06,68.27,68.78,68.12,68.57,21117500
2017-07-07,68.7,69.84,68.7,69.46,16878300
2017-07-10,69.46,70.25,69.2,69.98,15014500
2017-07-11,70,70.68,69.75,69.99,17460000
2017-07-12,70.69,71.28,70.55,71.15,17750900
2017-07-13,71.5,72.04,71.31,71.77,20269800
2017-07-14,72.24,73.27,71.96,72.78,25868000
2017-07-17,72.8,73.45,72.72,73.35,21803900
2017-07-18,73.09,73.39,72.66,73.3,26435200
2017-07-19,73.5,74.04,73.45,73.86,22416200
2017-07-20,74.18,74.3,73.28,74.22,42361000
2017-07-21,73.45,74.29,73.17,73.79,46717000
2017-07-24,73.53,73.75,73.13,73.6,21394800
2017-07-25,73.8,74.31,73.5,74.19,22018600
2017-07-26,74.34,74.38,73.81,74.05,16252200
2017-07-27,73.76,74.42,72.32,73.16,36844200
2017-07-28,72.67,73.31,72.54,73.04,18306600
2017-07-31,73.3,73.44,72.41,72.7,23600000
2017-08-01,73.1,73.42,72.49,72.58,20823800
2017-08-02,72.55,72.56,71.445,72.26,26499100
2017-08-03,72.19,72.44,71.845,72.15,18214400
2017-08-04,72.4,73.04,72.24,72.68,22578900
2017-08-07,72.8,72.9,72.26,72.4,18705600
2017-08-08,72.09,73.13,71.75,72.79,22044500
2017-08-09,72.25,72.51,72.05,72.47,22213400
2017-08-10,71.9,72.19,71.35,71.41,24734400
2017-08-11,71.61,72.7,71.28,72.5,21443600
2017-08-14,73.06,73.72,72.95,73.59,20096500
2017-08-15,73.59,73.59,73.04,73.22,19181400
2017-08-16,73.34,74.1,73.17,73.65,18150400
2017-08-17,73.58,73.87,72.4,72.4,22977500
2017-08-18,72.27,72.84,71.93,72.49,18761400
2017-08-21,72.47,72.48,71.7,72.15,17734700
2017-08-22,72.35,73.24,72.35,73.16,14343600
2017-08-23,72.96,73.15,72.53,72.72,13766500
2017-08-24,72.74,72.86,72.07,72.69,17098200
2017-08-25,72.86,73.35,72.48,72.82,12794300
2017-08-28,73.06,73.09,72.55,72.83,14569700
